Toronto,Ontario
Montréal,Quebec
Vancouver,British Columbia
Calgary,Alberta
Ottawa,Ontario
Edmonton,Alberta
Mississauga,Ontario
North York,Ontario
Winnipeg,Manitoba
Québec City,Quebec
Hamilton,Ontario
Brampton,Ontario
Kitchener,Ontario
Surrey,British Columbia
Laval,Quebec
Halifax,Nova Scotia
London,Ontario
Victoria,British Columbia
Windsor,Ontario
Oshawa,Ontario
Gatineau,Quebec
Vaughan,Ontario
Longueuil,Quebec
Burnaby,British Columbia
Ladner,British Columbia
Saskatoon,Saskatchewan
Barrie,Ontario
Richmond,British Columbia
Regina,Saskatchewan
Oakville,Ontario
Burlington,Ontario
Greater Sudbury,Ontario
Abbotsford,British Columbia
Saguenay,Quebec
St. Catharines,Ontario
Sherbrooke,Quebec
Lévis,Quebec
Kelowna,British Columbia
Cambridge,Ontario
Trois-Rivières,Quebec
Guelph,Ontario
Coquitlam,British Columbia
Kingston,Ontario
Chatham-Kent,Ontario
Sydney,Nova Scotia
Delta,British Columbia
Dartmouth,Nova Scotia
Thunder Bay,Ontario
St. John's,Newfoundland and Labrador
Waterloo,Ontario
Terrebonne,Quebec
Langley,British Columbia
Saint John,New Brunswick
Pickering,Ontario
Brantford,Ontario
Moncton,New Brunswick
Nanaimo,British Columbia
Sarnia,Ontario
Niagara Falls,Ontario
Saint-Laurent,Quebec
Repentigny,Quebec
Fort McMurray,Alberta
Peterborough,Ontario
Sault Ste. Marie,Ontario
Kawartha Lakes,Ontario
Red Deer,Alberta
Saint-Jean-sur-Richelieu,Quebec
Lethbridge,Alberta
Maple Ridge,British Columbia
Brossard,Quebec
Chilliwack,British Columbia
Kamloops,British Columbia
White Rock,British Columbia
Prince George,British Columbia
Medicine Hat,Alberta
Norfolk County,Ontario
Drummondville,Quebec
New Westminster,British Columbia
St. Albert,Alberta
Sherwood Park,Alberta
Saint-Jérôme,Quebec
Jonquière,Quebec
Granby,Quebec
Fredericton,New Brunswick
Welland,Ontario
Saint-Hyacinthe,Quebec
North Bay,Ontario
Shawinigan,Quebec
Dollard-Des Ormeaux,Quebec
Belleville,Ontario
Cornwall,Ontario
North Vancouver,British Columbia
Vernon,British Columbia
Blainville,Quebec
Haldimand County,Ontario
Timmins,Ontario
Châteauguay,Quebec
Quinte West,Ontario
Charlottetown,Prince Edward Island
Rimouski,Quebec
Saint-Eustache,Quebec
Grande Prairie,Alberta
Boucherville,Quebec
Salaberry-de-Valleyfield,Quebec
Penticton,British Columbia
St. Thomas,Ontario
Joliette,Quebec
Mascouche,Quebec
Mirabel,Quebec
Prince Albert,Saskatchewan
Mission,British Columbia
Victoriaville,Quebec
Brant,Ontario
Woodstock,Ontario
Sorel-Tracy,Quebec
Campbell River,British Columbia
Courtenay,British Columbia
Orangeville,Ontario
North Cowichan,British Columbia
Moose Jaw,Saskatchewan
Midland,Ontario
Côte-Saint-Luc,Quebec
Val-d'Or,Quebec
Leamington,Ontario
Stratford,Ontario
Orillia,Ontario
Pointe-Claire,Quebec
Baie-Comeau,Quebec
Bellechasse Regional County Municipality,Quebec
Alma,Quebec
Sainte-Julie,Quebec
West Kelowna,British Columbia
Port Moody,British Columbia
Boisbriand,Quebec
Brandon,Manitoba
Vaudreuil-Dorion,Quebec
Thetford-Mines,Quebec
Walnut Grove,British Columbia
Prince Edward,Ontario
Sainte-Thérèse,Quebec
Airdrie,Alberta
Mount Pearl,Newfoundland and Labrador
Saint-Bruno-de-Montarville,Quebec
Rouyn-Noranda,Quebec
Saint-Constant,Quebec
Brockville,Ontario
Langley,British Columbia
Whitehorse,Yukon
Owen Sound,Ontario
Chambly,Quebec
Sept-Îles,Quebec
Langford,British Columbia
Duncan,British Columbia
La Prairie,Quebec
Saint-Lambert,Quebec
Port Alberni,British Columbia
Parksville,British Columbia
Keswick,Ontario
Varennes,Quebec
Clarence-Rockland,Ontario
Truro,Nova Scotia
Westmount,Quebec
Kirkland,Quebec
New Glasgow,Nova Scotia
Cole Harbour,Nova Scotia
Glace Bay,Nova Scotia
Huntsville,Ontario
Terrace,British Columbia
North Battleford,Saskatchewan
Beaconsfield,Quebec
Mont-Royal,Quebec
Beloeil,Quebec
Bradford West Gwillimbury,Ontario
Corner Brook,Newfoundland and Labrador
Cranbrook,British Columbia
Port Colborne,Ontario
Rivière-du-Loup,Quebec
Dieppe,New Brunswick
Thorold,Ontario
Miramichi,New Brunswick
Cobourg,Ontario
Dorval,Quebec
Amos,Quebec
Spruce Grove,Alberta
Pitt Meadows,British Columbia
Fort St. John,British Columbia
Deux-Montagnes,Quebec
Saint-Augustin-de-Desmaures,Quebec
Conception Bay South,Newfoundland and Labrador
Saint-Lazare,Quebec
L'Assomption,Quebec
Edmundston,New Brunswick
L'Ancienne-Lorette,Quebec
Cochrane,Alberta
Sainte-Catherine,Quebec
Salmon Arm,British Columbia
Fort Erie,Ontario
Candiac,Quebec
Lloydminster,Saskatchewan
Yellowknife,Northwest Territories
Collingwood,Ontario
Mont-Saint-Hilaire,Quebec
Camrose,Alberta
Saint-Basile-le-Grand,Quebec
Leduc,Alberta
Pembroke,Ontario
Magog,Quebec
Kenora,Ontario
Yorkton,Saskatchewan
Greater Napanee,Ontario
Matane,Quebec
Fort Saskatchewan,Alberta
Okotoks,Alberta
Gaspé,Quebec
Summerside,Prince Edward Island
Prince Rupert,British Columbia
Swift Current,Saskatchewan
Colwood,British Columbia
Rosemère,Quebec
Williams Lake,British Columbia
Saint-Lin-Laurentides,Quebec
Quesnel,British Columbia
Bay Roberts,Newfoundland and Labrador
Mont-Laurier,Quebec
Portage la Prairie,Manitoba
Dolbeau-Mistassini,Quebec
Powell River,British Columbia
Brooks,Alberta
Bathurst,New Brunswick
Kentville,Nova Scotia
Elliot Lake,Ontario
Thompson,Manitoba
Aldergrove,British Columbia
Canmore,Alberta
Hawkesbury,Ontario
Grand Falls-Windsor,Newfoundland and Labrador
Beauharnois,Quebec
Ingersoll,Ontario
Montmagny,Quebec
Cold Lake,Alberta
Sainte-Marie,Quebec
Amherstburg,Ontario
Sainte-Marthe-sur-le-Lac,Quebec
Wetaskiwin,Alberta
Petawawa,Ontario
Pincourt,Quebec
Paris,Ontario
Bécancour,Quebec
Cowansville,Quebec
Dawson Creek,British Columbia
Sainte-Anne-des-Plaines,Quebec
Sainte-Adèle,Quebec
Les Coteaux,Quebec
Whistler,British Columbia
Smiths Falls,Ontario
Sylvan Lake,Alberta
Temiskaming Shores,Ontario
Rawdon,Quebec
Labrador City,Newfoundland and Labrador
Angus,Ontario
Prévost,Quebec
Mercier,Quebec
Lacombe,Alberta
Strathmore,Alberta
Bells Corners,Ontario
L'Île-Perrot,Quebec
Estevan,Saskatchewan
Hinton,Alberta
Notre-Dame-de-l'Île-Perrot,Quebec
High River,Alberta
Nelson,British Columbia
Carleton Place,Ontario
Trail,British Columbia
Selkirk,Manitoba
Lorraine,Quebec
Steinbach,Manitoba
Arnprior,Ontario
Lachute,Quebec
Val-des-Monts,Quebec
La Tuque,Quebec
Weyburn,Saskatchewan
Amherst,Nova Scotia
Roberval,Quebec
Saint-Raymond,Quebec
Kapuskasing,Ontario
Saint-Sauveur,Quebec
Oromocto,New Brunswick
Kitimat,British Columbia
La Malbaie,Quebec
Stony Plain,Alberta
Mont-Tremblant,Quebec
Whitecourt,Alberta
Lavaltrie,Quebec
Ladysmith,British Columbia
Castlegar,British Columbia
Otterburn Park,Quebec
Dauphin,Manitoba
Bois-des-Filion,Quebec
Winkler,Manitoba
Bracebridge,Ontario
