"ChIJS182W1QXyUwR-fQfijzaRmM","Hibou Design & Co.","http://www.hiboudesignco.com/?utm_source=GMBlisting&utm_medium=organic"," (514) 574-0015 ","Address: 1 Rue Chabanel O, Montréal, QC H2N 1N3 ","https://www.google.com/maps/place/Hibou+Design+%26+Co./data=!4m7!3m6!1s0x4cc917545b365f4b:0x6346da3c8a1ff4f9!8m2!3d45.5444017!4d-73.6515319!16s%2Fg%2F1tcz_3v0!19sChIJS182W1QXyUwR-fQfijzaRmM?authuser=0&hl=en&rclk=1",info@hiboudesignco.com, trades@hiboudesignco.com
"ChIJmap1R38ZyUwR1bNH84qN0_M","Interior Designer Marie-Eve Raymond","http://www.designerinterieur.com/"," (514) 575-4567 ","Address: 3108 Mont-Royal Ave E, Montreal, Quebec H1Y 3M5 ","https://www.google.com/maps/place/Interior+Designer+Marie-Eve+Raymond/data=!4m7!3m6!1s0x4cc9197f4775aa99:0xf3d38d8af347b3d5!8m2!3d45.5459252!4d-73.5662398!16s%2Fg%2F1wrtcgr7!19sChIJmap1R38ZyUwR1bNH84qN0_M?authuser=0&hl=en&rclk=1",filler@godaddy.com, info@designerinterieur.com
"ChIJ_7oFtEMbyUwRv2cx0Kz4SGQ","Mk Imperium Design Senc","http://www.mkimperium.com/"," (514) 222-2911 ","Address: 1155 Metcalfe St Suite 1500, Montreal, Quebec H3B 2V6 ","https://www.google.com/maps/place/Mk+Imperium+Design+Senc/data=!4m7!3m6!1s0x4cc91b43b405baff:0x6448f8acd03167bf!8m2!3d45.5002522!4d-73.5701842!16s%2Fg%2F11p0wmy6h6!19sChIJ_7oFtEMbyUwRv2cx0Kz4SGQ?authuser=0&hl=en&rclk=1",info@mkimperium.com
"ChIJtXTQFSU8yUwRHbVlDGpl11o","LUX decor","https://www.lux-decor.com/"," (514) 332-2888 ","Address: 8102A Trans Canada Route, Saint-Laurent, Quebec H4S 1M5 ","https://www.google.com/maps/place/LUX+decor/data=!4m7!3m6!1s0x4cc93c2515d074b5:0x5ad7656a0c65b51d!8m2!3d45.4886272!4d-73.7204349!16s%2Fg%2F1tksmzz_!19sChIJtXTQFSU8yUwRHbVlDGpl11o?authuser=0&hl=en&rclk=1",customerservice@lux-decor.com
"ChIJQZLEUH0ayUwRFFKKoD07CWE","ADN Design","https://adn-design.ca/"," (438) 496-2883 ","Address: 1740 Saint-Patrick St. #1207, Montreal, Quebec H3K 0B3 ","https://www.google.com/maps/place/ADN+Design/data=!4m7!3m6!1s0x4cc91a7d50c49241:0x61093b3da08a5214!8m2!3d45.4852396!4d-73.5629974!16s%2Fg%2F11g_z4rpf2!19sChIJQZLEUH0ayUwRFFKKoD07CWE?authuser=0&hl=en&rclk=1",contact@adn-design.ca
"ChIJM1-PiC4XyUwRKgGMTkB3_kI","FX Studio par Clairoux","https://clairoux.com/"," (514) 680-8929 ","Address: 1453 R. Atateken #101, Montréal, QC H2L 3L2 ","https://www.google.com/maps/place/FX+Studio+par+Clairoux/data=!4m7!3m6!1s0x4cc9172e888f5f33:0x42fe77404e8c012a!8m2!3d45.5179504!4d-73.5577773!16s%2Fg%2F12mm840jm!19sChIJM1-PiC4XyUwRKgGMTkB3_kI?authuser=0&hl=en&rclk=1",info@clairoux.com
"ChIJF-9PTMwYyUwRJYRhEJhKOng","Designer Claire Lépine, consultante, offre de service en ligne.","http://designerclairelepine.com/"," (514) 996-9648 ","Address: 1701 Av. Jacques-Lemaistre, Montréal, QC H2M 2C7 ","https://www.google.com/maps/place/Designer+Claire+L%C3%A9pine,+consultante,+offre+de+service+en+ligne./data=!4m7!3m6!1s0x4cc918cc4c4fef17:0x783a4a9810618425!8m2!3d45.5618736!4d-73.6416292!16s%2Fg%2F11gc751qln!19sChIJF-9PTMwYyUwRJYRhEJhKOng?authuser=0&hl=en&rclk=1",undefined
"ChIJ6RvyDsUbyUwR7V9_39tHwKA","Jean Stéphane Beauchamp Design","http://www.jsbeauchampdesign.com/"," (514) 759-8022 ","Address: 4300 Brebeuf St, Montreal, Quebec H2J 3K7 ","https://www.google.com/maps/place/Jean+St%C3%A9phane+Beauchamp+Design/data=!4m7!3m6!1s0x4cc91bc50ef21be9:0xa0c047dbdf7f5fed!8m2!3d45.5276765!4d-73.5749311!16s%2Fg%2F1tdwdk8t!19sChIJ6RvyDsUbyUwR7V9_39tHwKA?authuser=0&hl=en&rclk=1",undefined
"ChIJGWGS0lUbyUwRD_1AnXMRrOs","Geneviève Simard, styliste d'intérieur","http://www.genevievesimard.com/"," (438) 680-1619 ","Address: 100 Rue du Séminaire, Montréal, QC H3C 0S8 ","https://www.google.com/maps/place/Genevi%C3%A8ve+Simard,+styliste+d%27int%C3%A9rieur/data=!4m7!3m6!1s0x4cc91b55d2926119:0xebac11739d40fd0f!8m2!3d45.4898015!4d-73.5601124!16s%2Fg%2F11h0hpxk29!19sChIJGWGS0lUbyUwRD_1AnXMRrOs?authuser=0&hl=en&rclk=1",gs@genevievesimard.com
"ChIJPyownUQZyUwRcD-gnbL8Fg8","Noam Perez Interior Design","http://www.noamperezdesign.com/"," (514) 344-3888 ","Address: 4865 Rue Jean-Talon O Suite 102, Montreal, Quebec H4P 1W7 ","https://www.google.com/maps/place/Noam+Perez+Interior+Design/data=!4m7!3m6!1s0x4cc919449d302a3f:0xf16fcb29da03f70!8m2!3d45.4985023!4d-73.6489862!16s%2Fg%2F11rx3nr1c_!19sChIJPyownUQZyUwRcD-gnbL8Fg8?authuser=0&hl=en&rclk=1",info@noamperezdesign.com
"ChIJH5n_FlMayUwRX9RPvHlYAY0","101 Design - Designer d'Intérieur et Agencement","http://www.101design.ca/"," (514) 577-5799 ","Address: 4315 Rue St-Hubert, Montréal, QC H2J 2W6 ","https://www.google.com/maps/place/101+Design+-+Designer+d%27Int%C3%A9rieur+et+Agencement/data=!4m7!3m6!1s0x4cc91a5316ff991f:0x8d015879bc4fd45f!8m2!3d45.5246451!4d-73.5785548!16s%2Fg%2F11gbxgtr67!19sChIJH5n_FlMayUwRX9RPvHlYAY0?authuser=0&hl=en&rclk=1",undefined
"ChIJyTzQ-ZcbyUwRWgIATI4wVxU","By Jane Design - designer d’interieur","http://www.byjane-design.com/"," (514) 995-2744 ","Address: 7562 Saint Denis St, Montreal, Quebec H2R 2E6 ","https://www.google.com/maps/place/By+Jane+Design+-+designer+d%E2%80%99interieur/data=!4m7!3m6!1s0x4cc91b97f9d03cc9:0x1557308e4c00025a!8m2!3d45.540043!4d-73.621222!16s%2Fg%2F11g3x_y6bn!19sChIJyTzQ-ZcbyUwRWgIATI4wVxU?authuser=0&hl=en&rclk=1",byjanedesign@gmail.com
"ChIJF2SqMjMayUwRZFul0e-BYss","Philippe Harvey Designer","http://philippeharvey.com/"," (438) 299-7435 ","Address: 4067 Boul. Saint-Laurent bureau 205, Montréal, QC H2W 1Y7 ","https://www.google.com/maps/place/Philippe+Harvey+Designer/data=!4m7!3m6!1s0x4cc91a3332aa6417:0xcb6281efd1a55b64!8m2!3d45.5172126!4d-73.5796502!16s%2Fg%2F11b5wdgr55!19sChIJF2SqMjMayUwRZFul0e-BYss?authuser=0&hl=en&rclk=1",design@philippeharvey.com
"ChIJA5cuF9gbyUwR2PGO4G76_ac","JQ33 DESIGN","No Value","No value","Address: 2727 Saint-Patrick St. #104, Montreal, Quebec H3K 0A8 ","https://www.google.com/maps/place/JQ33+DESIGN/data=!4m7!3m6!1s0x4cc91bd8172e9703:0xa7fdfa6ee08ef1d8!8m2!3d45.4789763!4d-73.5730164!16s%2Fg%2F11fvqb75v6!19sChIJA5cuF9gbyUwR2PGO4G76_ac?authuser=0&hl=en&rclk=1",undefined
"ChIJs-UYf-kYyUwRsv0r7kHxwOM","Folio Design","http://foliodesign.ca/"," (514) 379-1126 ","Address: 470 Rue Chabanel O, Montréal, QC H2N 1G8 ","https://www.google.com/maps/place/Folio+Design/data=!4m7!3m6!1s0x4cc918e97f18e5b3:0xe3c0f141ee2bfdb2!8m2!3d45.5378996!4d-73.6546781!16s%2Fg%2F11g8cp7q5g!19sChIJs-UYf-kYyUwRsv0r7kHxwOM?authuser=0&hl=en&rclk=1",jlaforet@foliodesign.ca, vchayer@foliodesign.ca, dgenovez@foliodesign.ca, rdipalma@foliodesign.ca, jbedard@foliodesign.ca, mturner@foliodesign.ca, vgiroux@foliodesign.ca, oprimat@foliodesign.ca, cgagnon@foliodesign.ca, llequere@foliodesign.ca, klandry@foliodesign.ca, cconetta@foliodesign.ca, apoliseno@foliodesign.ca, vvautour@foliodesign.ca, sgravel@foliodesign.ca, ggervais@foliodesign.ca, skyriakakis@foliodesign.ca, sthibault@foliodesign.ca, info@foliodesign.ca
"ChIJt8jgZfwbyUwRBTzcjXv6kV0","moodesign | designer d'intérieur","https://www.moodesign.net/"," (514) 567-2383 ","Address: 7237 De La Roche St, Montreal, Quebec H2R 2T2 ","https://www.google.com/maps/place/moodesign+%7C+designer+d%27int%C3%A9rieur/data=!4m7!3m6!1s0x4cc91bfc65e0c8b7:0x5d91fa7b8ddc3c05!8m2!3d45.5439302!4d-73.6124593!16s%2Fg%2F1tmqfv7w!19sChIJt8jgZfwbyUwRBTzcjXv6kV0?authuser=0&hl=en&rclk=1",info@moodesign.net
"ChIJMzk_X0cXyUwRL5M3RvK_aJo","Robert Design - Interior design - kitchen design","http://www.robertdesign.ca/"," (514) 623-0402 ","Address: 5188 Av. Prince-of-Wales, Montréal, QC H4V 2N2 ","https://www.google.com/maps/place/Robert+Design+-+Interior+design+-+kitchen+design/data=!4m7!3m6!1s0x4cc917475f3f3933:0x9a68bff24637932f!8m2!3d45.4687039!4d-73.6445602!16s%2Fg%2F1pxqd0d1d!19sChIJMzk_X0cXyUwRL5M3RvK_aJo?authuser=0&hl=en&rclk=1",info@robertdesign.ca
"ChIJaY6TtuAbyUwRjSeFx7WNkmE","Zu Design & Architecture Intérieure","http://www.zu-da.com/"," (514) 416-4218 ","Address: 4800 Av. Papineau, Montréal, QC H2H 1V6 ","https://www.google.com/maps/place/Zu+Design+%26+Architecture+Int%C3%A9rieure/data=!4m7!3m6!1s0x4cc91be0b6938e69:0x61928db5c785278d!8m2!3d45.5344458!4d-73.578434!16s%2Fg%2F11b70_bs98!19sChIJaY6TtuAbyUwRjSeFx7WNkmE?authuser=0&hl=en&rclk=1",undefined
"ChIJb5OLxjcbyUwRexvA4lsUH-M","Designer d’intérieur Montréal","https://designerinterieur.com/"," (514) 575-4567 ","Address: 3108 Mont-Royal Ave E, Montreal, Quebec H1Y 3M5 ","https://www.google.com/maps/place/Designer+d%E2%80%99int%C3%A9rieur+Montr%C3%A9al/data=!4m7!3m6!1s0x4cc91b37c68b936f:0xe31f145be2c01b7b!8m2!3d45.5459252!4d-73.5662398!16s%2Fg%2F11h6sb3x6n!19sChIJb5OLxjcbyUwRexvA4lsUH-M?authuser=0&hl=en&rclk=1",filler@godaddy.com, info@designerinterieur.com
"ChIJ0y_JgtkhyUwR3A4syjweiPs","Marie-Josée Lafortune designer inc","http://designerinterieur.net/"," (514) 516-4422 ","Address: 11776 Rue Tolhurst, Montréal, QC H3L 3B2 ","https://www.google.com/maps/place/Marie-Jos%C3%A9e+Lafortune+designer+inc/data=!4m7!3m6!1s0x4cc921d982c92fd3:0xfb881e3cca2c0edc!8m2!3d45.5489555!4d-73.6816562!16s%2Fg%2F11h3ljc_cm!19sChIJ0y_JgtkhyUwR3A4syjweiPs?authuser=0&hl=en&rclk=1",info@designerinterieur.net
"ChIJ71N5LAwbyUwRtEsiXIHLHdg","Signé Luc Laramée inc. Montréal","No Value"," (438) 801-2502 ","Address: 2130 Rue Laforce, Montréal, QC H2K 0B9 ","https://www.google.com/maps/place/Sign%C3%A9+Luc+Laram%C3%A9e+inc.+Montr%C3%A9al/data=!4m7!3m6!1s0x4cc91b0c2c7953ef:0xd81dcb815c224bb4!8m2!3d45.5255547!4d-73.550747!16s%2Fg%2F11h88d03cd!19sChIJ71N5LAwbyUwRtEsiXIHLHdg?authuser=0&hl=en&rclk=1",undefined
"ChIJ____7kMjyUwRUNI1ZAEhEfI","Wish Decor","https://wishdecor.com/"," (514) 572-9284 ","No Value","https://www.google.com/maps/place/Wish+Decor/data=!4m7!3m6!1s0x4cc92343eeffffff:0xf21121016435d250!8m2!3d45.5394593!4d-73.7118733!16s%2Fg%2F11b75mf30s!19sChIJ____7kMjyUwRUNI1ZAEhEfI?authuser=0&hl=en&rclk=1",niki.wishdecor@gmail.com
"ChIJ7cgOJ7YrC2ARDniDZWIzF6s","Home & Interior Design By Aïna","http://designbyaina.com/"," (514) 975-8759 ","Address: 9149 Park Ave, Montreal, Quebec H2N 2A2 ","https://www.google.com/maps/place/Home+%26+Interior+Design+By+A%C3%AFna/data=!4m7!3m6!1s0x600b2bb6270ec8ed:0xab1733626583780e!8m2!3d45.5377195!4d-73.6522891!16s%2Fg%2F11t0t1ntp4!19sChIJ7cgOJ7YrC2ARDniDZWIzF6s?authuser=0&hl=en&rclk=1",undefined
"ChIJ60USsu1MumcRUZiosDYDCsg","Liza Castro Designer","https://lizacastrodesigner.com/"," (514) 996-9245 ","No Value","https://www.google.com/maps/place/Liza+Castro+Designer/data=!4m7!3m6!1s0x67ba4cedb21245eb:0xc80a0336b0a89851!8m2!3d45.621445!4d-73.757888!16s%2Fg%2F11qgdhf25v!19sChIJ60USsu1MumcRUZiosDYDCsg?authuser=0&hl=en&rclk=1",liza@lizacastrodesigner.com
"ChIJN3MKEBcZyUwR-0lWYFOtYoU","Stella Noir - Kitchen | Bath & Interior Architecture","https://www.stellanoirdesign.com/"," (438) 389-6388 ","Address: 7577 Drolet St, Montreal, Quebec H2R 2C6 ","https://www.google.com/maps/place/Stella+Noir+-+Kitchen+%7C+Bath+%26+Interior+Architecture/data=!4m7!3m6!1s0x4cc91917100a7337:0x8562ad53605649fb!8m2!3d45.5398029!4d-73.6218136!16s%2Fg%2F11n140k7ng!19sChIJN3MKEBcZyUwR-0lWYFOtYoU?authuser=0&hl=en&rclk=1",courtney@stellanoirdesign.com
"ChIJOUXmXPAbyUwRF-GfZcSoc7I","Inscape le studio","http://inscapelestudio.com/"," (514) 668-4968 ","Address: 5425 Rue de Bordeaux suite 314-A, Montreal, Quebec H2H 2P9 ","https://www.google.com/maps/place/Inscape+le+studio/data=!4m7!3m6!1s0x4cc91bf05ce64539:0xb273a8c4659fe117!8m2!3d45.539803!4d-73.5829885!16s%2Fg%2F11r3z95t31!19sChIJOUXmXPAbyUwRF-GfZcSoc7I?authuser=0&hl=en&rclk=1",claudia@claudiadigregorio.com, studio@inscapelestudio.com
"ChIJh7PAblQbyUwRoO9Yn9hA2oc","Pierre Senéchal Studio & Design","https://pierresenechaldesign.business.site/","No value","Address: 3840 Rue Saint-Urbain, Montréal, QC H2W 1T6 ","https://www.google.com/maps/place/Pierre+Sen%C3%A9chal+Studio+%26+Design/data=!4m7!3m6!1s0x4cc91b546ec0b387:0x87da40d89f58efa0!8m2!3d45.5145115!4d-73.578042!16s%2Fg%2F11j5b45q1z!19sChIJh7PAblQbyUwRoO9Yn9hA2oc?authuser=0&hl=en&rclk=1",undefined
"ChIJVyRIpe8jyUwRuFrVeVH_DJM","AR Design | Interior Designer Montreal","http://www.ardesign.ca/"," (514) 242-4051 ","No Value","https://www.google.com/maps/place/AR+Design+%7C+Interior+Designer+Montreal/data=!4m7!3m6!1s0x4cc923efa5482457:0x930cff5179d55ab8!8m2!3d45.6060465!4d-73.6649135!16s%2Fg%2F11clwlfxzw!19sChIJVyRIpe8jyUwRuFrVeVH_DJM?authuser=0&hl=en&rclk=1",info@ardesign.ca
"ChIJlydpjW8ZyUwRevGLK3zYRv8","Huma Design Et Architecture","https://www.humadesign.com/"," (514) 274-3883 ","Address: 225 Rue Chabanel O, Montréal, QC H2N 2C9 ","https://www.google.com/maps/place/Huma+Design+Et+Architecture/data=!4m7!3m6!1s0x4cc9196f8d692797:0xff46d87c2b8bf17a!8m2!3d45.5405154!4d-73.6541677!16s%2Fg%2F1tr175h5!19sChIJlydpjW8ZyUwRevGLK3zYRv8?authuser=0&hl=en&rclk=1",reply@to.com
"ChIJxeIUcz0ZyUwR_4Een4FmYrI","FL2 design","http://www.fl2design.com/"," (514) 998-2262 ","Address: Rue St-Hubert, Montréal, QC H2R 2N7 ","https://www.google.com/maps/place/FL2+design/data=!4m7!3m6!1s0x4cc9193d7314e2c5:0xb26266819f1e81ff!8m2!3d45.5435959!4d-73.6192564!16s%2Fg%2F1v41_209!19sChIJxeIUcz0ZyUwR_4Een4FmYrI?authuser=0&hl=en&rclk=1",info@fl2design.com
"ChIJu8b4TRUZyUwRwBjEgv30aJ0","Charbo","http://www.charbo.ca/"," (514) 607-7896 ","Address: 5333 Casgrain Ave Suite 720, Montreal, Quebec H2T 1X3 ","https://www.google.com/maps/place/Charbo/data=!4m7!3m6!1s0x4cc919154df8c6bb:0x9d68f4fd82c418c0!8m2!3d45.5261088!4d-73.5950424!16s%2Fg%2F11jtzd__2y!19sChIJu8b4TRUZyUwRwBjEgv30aJ0?authuser=0&hl=en&rclk=1",charbo.math@gmail.com
"ChIJ2eCgH3YcyUwRtbdTVuzFWgQ","Viau Jean Pierre Design","http://www.jpvdesign.com/"," (514) 933-1991 ","Address: 175 Rue Beaubien E suite 202, Montreal, Quebec H2S 1R3 ","https://www.google.com/maps/place/Viau+Jean+Pierre+Design/data=!4m7!3m6!1s0x4cc91c761fa0e0d9:0x45ac5ec5653b7b5!8m2!3d45.5317663!4d-73.6072411!16s%2Fg%2F1t_tjxsc!19sChIJ2eCgH3YcyUwRtbdTVuzFWgQ?authuser=0&hl=en&rclk=1",info@jpvdesign.com
"ChIJe64VNXoayUwRqu_BHEFcryM","KLIBI DESIGN","https://klibidesign.com/"," (514) 774-5502 ","Address: 355 Rue Marguerite-D'Youville, Montreal, Quebec H3J 1N4 ","https://www.google.com/maps/place/KLIBI+DESIGN/data=!4m7!3m6!1s0x4cc91a7a3515ae7b:0x23af5c411cc1efaa!8m2!3d45.5000374!4d-73.5538143!16s%2Fg%2F11c608wt44!19sChIJe64VNXoayUwRqu_BHEFcryM?authuser=0&hl=en&rclk=1",info@klibidesign.com
"ChIJc3uhA0wayUwRdzWR2ATbhxM","Kelli Richards Interiors","http://www.kellirichardsinteriors.com/"," (514) 419-2808 ","Address: 4398 St Laurent Blvd Suite 300, Montreal, Quebec H2W 1Z5 ","https://www.google.com/maps/place/Kelli+Richards+Interiors/data=!4m7!3m6!1s0x4cc91a4c03a17b73:0x1387db04d8913577!8m2!3d45.5193698!4d-73.5852331!16s%2Fg%2F11b6bbhj8p!19sChIJc3uhA0wayUwRdzWR2ATbhxM?authuser=0&hl=en&rclk=1",info@kellirichardsinteriors.com, info@emdesign.ca, hi@patlari.com
"ChIJOUbETesYyUwRH6dscT04yCk","HI Décor & Design","https://hidecordesign.com/"," (514) 839-5084 ","Address: 4400 De la Côte-de-Liesse Rd, Mount Royal, Quebec H4N 2P7 ","https://www.google.com/maps/place/HI+D%C3%A9cor+%26+Design/data=!4m7!3m6!1s0x4cc918eb4dc44639:0x29c8383d716ca71f!8m2!3d45.5048819!4d-73.6637915!16s%2Fg%2F1v3drrfq!19sChIJOUbETesYyUwRH6dscT04yCk?authuser=0&hl=en&rclk=1",info@hidecordesign.com
"ChIJ-an6qo0ZyUwRjZ_aTGUR7Z4","Joy Moussa Designer d'intérieur","https://www.joymoussa.com/"," (514) 892-4142 ","Address: 55 Rue Quintin, Saint-Laurent, QC H4N 3B1 ","https://www.google.com/maps/place/Joy+Moussa+Designer+d%27int%C3%A9rieur/data=!4m7!3m6!1s0x4cc9198daafaa9f9:0x9eed11654cda9f8d!8m2!3d45.5316553!4d-73.6719792!16s%2Fg%2F11lfct_xbg!19sChIJ-an6qo0ZyUwRjZ_aTGUR7Z4?authuser=0&hl=en&rclk=1",joymoussa@gmail.com
"ChIJES-SOLklyUwRF1ijz-Kp0uQ","Design par Rana / Design by Rana","http://designbyrana.com/"," (438) 992-2324 ","No Value","https://www.google.com/maps/place/Design+par+Rana+%2F+Design+by+Rana/data=!4m7!3m6!1s0x4cc925b938922f11:0xe4d2a9e2cfa35817!8m2!3d45.5591827!4d-73.7118733!16s%2Fg%2F11flvygf0c!19sChIJES-SOLklyUwRF1ijz-Kp0uQ?authuser=0&hl=en&rclk=1",rana@designbyrana.com
"ChIJp1St_RQayUwRPIh2u2Z2_sA","Evolution Design","http://www.evolutiondesign.ca/"," (514) 816-4181 ","Address: 3545 Chem. de la Côte-des-Neiges #080, Montréal, QC H3H 1V1 ","https://www.google.com/maps/place/Evolution+Design/data=!4m7!3m6!1s0x4cc91a14fdad54a7:0xc0fe7666bb76883c!8m2!3d45.4966365!4d-73.5848272!16s%2Fg%2F12qgr64v0!19sChIJp1St_RQayUwRPIh2u2Z2_sA?authuser=0&hl=en&rclk=1",info@evolutiondesign.ca
"ChIJ1SFCViFAyUwRcbS8QgIpXEo","Blanc Marine Intérieurs","http://www.designer-interieur-blancmarine.ca/"," (514) 613-2077 ","Address: 840 Rue Notre Dame, Montréal, QC H8S 2B7 ","https://www.google.com/maps/place/Blanc+Marine+Int%C3%A9rieurs/data=!4m7!3m6!1s0x4cc94021564221d5:0x4a5c290242bcb471!8m2!3d45.4350165!4d-73.6712197!16s%2Fg%2F11bxc7sqtd!19sChIJ1SFCViFAyUwRcbS8QgIpXEo?authuser=0&hl=en&rclk=1",info@blancmarine.ca
"ChIJf-8w83gZyUwRcLrqzpbNS-s","Demi-teinte design & co.","https://www.demi-teinte.ca/"," (514) 970-6667 ","Address: 8772 Rue Lajeunesse, Montréal, QC H2M 1R6 ","https://www.google.com/maps/place/Demi-teinte+design+%26+co./data=!4m7!3m6!1s0x4cc91978f330ef7f:0xeb4bcd96ceeaba70!8m2!3d45.5466597!4d-73.6393305!16s%2Fg%2F11rd003c11!19sChIJf-8w83gZyUwRcLrqzpbNS-s?authuser=0&hl=en&rclk=1",info@demi-teinte.ca, utilisateur@domaine.com
"ChIJy5GTC6cjyUwRkWNyDAdJxhM","Opulence interior","http://www.opulenceinterior.com/"," (514) 501-4321 ","No Value","https://www.google.com/maps/place/Opulence+interior/data=!4m7!3m6!1s0x4cc923a70b9391cb:0x13c649070c726391!8m2!3d45.5152506!4d-73.8529848!16s%2Fg%2F11jp3b0103!19sChIJy5GTC6cjyUwRkWNyDAdJxhM?authuser=0&hl=en&rclk=1",info@opulenceinterior.com
"ChIJw6wVIenlyEwRZdWAzdmYKR8","Réno M3 Montréal","https://www.renom3.com/fr/"," (514) 370-8283 ","Address: 8896 Rue Lajeunesse, Montréal, QC H2M 1R6 ","https://www.google.com/maps/place/R%C3%A9no+M3+Montr%C3%A9al/data=!4m7!3m6!1s0x4cc8e5e92115acc3:0x1f2998d9cd80d565!8m2!3d45.5474437!4d-73.6419508!16s%2Fg%2F1tgx66hg!19sChIJw6wVIenlyEwRZdWAzdmYKR8?authuser=0&hl=en&rclk=1",vente@renom3.com
"ChIJV7kDRk8ayUwRbEJFhxM1vnQ","Mario Januario Design","http://mariojanuario.ca/"," (514) 998-9757 ","Address: 3859 Rue Saint-Urbain, Montréal, QC H2W 1T6 ","https://www.google.com/maps/place/Mario+Januario+Design/data=!4m7!3m6!1s0x4cc91a4f4603b957:0x74be35138745426c!8m2!3d45.5148526!4d-73.5780733!16s%2Fg%2F11dxd1nm2y!19sChIJV7kDRk8ayUwRbEJFhxM1vnQ?authuser=0&hl=en&rclk=1",undefined
"ChIJWxKVtlgayUwRnErw4HRzulQ","Optima Design Inc","http://www.optima-design.com/"," (514) 288-3952 ","Address: 124 McGill St, Montreal, Quebec H2Y 2E5 ","https://www.google.com/maps/place/Optima+Design+Inc/data=!4m7!3m6!1s0x4cc91a58b695125b:0x54ba7374e0f04a9c!8m2!3d45.499541!4d-73.555858!16s%2Fg%2F1tdhdmhp!19sChIJWxKVtlgayUwRnErw4HRzulQ?authuser=0&hl=en&rclk=1",marco@optima-design.com
"ChIJHV1ObKsbyUwRQRLEb2QH9to","Pierre-André Guindon | Design intérieur Montréal","No Value"," (514) 618-6666 ","Address: 655 R. Atateken, Montréal, QC H2L 5E8 ","https://www.google.com/maps/place/Pierre-Andr%C3%A9+Guindon+%7C+Design+int%C3%A9rieur+Montr%C3%A9al/data=!4m7!3m6!1s0x4cc91bab6c4e5d1d:0xdaf607646fc41241!8m2!3d45.5145848!4d-73.5504697!16s%2Fg%2F1hc46tf8k!19sChIJHV1ObKsbyUwRQRLEb2QH9to?authuser=0&hl=en&rclk=1",undefined
"ChIJo2MUwdIZyUwR8EYXnND2TfE","CARRE UNION","https://carreunion.com/"," (514) 340-5000 ","Address: 8134 Decarie Blvd, Montreal, Quebec H4P 2S8 ","https://www.google.com/maps/place/CARRE+UNION/data=!4m7!3m6!1s0x4cc919d2c11463a3:0xf14df6d09c1746f0!8m2!3d45.4980082!4d-73.6607396!16s%2Fg%2F11fy4fqrr8!19sChIJo2MUwdIZyUwR8EYXnND2TfE?authuser=0&hl=en&rclk=1",contact@carreunion.com
"ChIJ6TfhkmMjyUwRGhm20pm2XDI","Interior Designs by Tracy inc.","http://www.interiordesignsbytracy.com/"," (514) 244-8645 ","Address: 641 Rue de la Place Publique, Laval, QC H7X 1G1 ","https://www.google.com/maps/place/Interior+Designs+by+Tracy+inc./data=!4m7!3m6!1s0x4cc9236392e137e9:0x325cb699d2b6191a!8m2!3d45.5289789!4d-73.8205845!16s%2Fg%2F11f2b4p52_!19sChIJ6TfhkmMjyUwRGhm20pm2XDI?authuser=0&hl=en&rclk=1",undefined
"ChIJKSlgxoIQyUwRLOwmV2HgrCg","Born Luxe Interior Design","http://www.upstageinteriordesign.com/"," +1 246-234-5532 ","No Value","https://www.google.com/maps/place/Born+Luxe+Interior+Design/data=!4m7!3m6!1s0x4cc91082c6602929:0x28ace0615726ec2c!8m2!3d46.81555!4d-79.5417226!16s%2Fg%2F11b73xrs5w!19sChIJKSlgxoIQyUwRLOwmV2HgrCg?authuser=0&hl=en&rclk=1",info@upstageinteriordesign.com
"ChIJLSv9wCobyUwRYrGSMxrVPfI","Sergkei Theocharis Design","https://www.behance.net/theo_design_"," (514) 821-5521 ","Address: 2160 Rue Laforce, Montréal, QC H2K 0B3 ","https://www.google.com/maps/place/Sergkei+Theocharis+Design/data=!4m7!3m6!1s0x4cc91b2ac0fd2b2d:0xf23dd51a3392b162!8m2!3d45.5260065!4d-73.5501701!16s%2Fg%2F11j4nlh8cd!19sChIJLSv9wCobyUwRYrGSMxrVPfI?authuser=0&hl=en&rclk=1",undefined
"ChIJhVCm9IcayUwRtQe3sVgJnLE","Desjardins Bherer","https://www.desjardinsbherer.com/"," (514) 937-2662 ","Address: 1195 Wellington St #302, Montreal, Quebec H3C 1W1 ","https://www.google.com/maps/place/Desjardins+Bherer/data=!4m7!3m6!1s0x4cc91a87f4a65085:0xb19c0958b1b707b5!8m2!3d45.4920128!4d-73.5583906!16s%2Fg%2F11c13nmz8x!19sChIJhVCm9IcayUwRtQe3sVgJnLE?authuser=0&hl=en&rclk=1",undefined
"ChIJv5K8vA0byUwRIa-1qHOMtMw","North Interior Design Montreal","https://northinteriordesign.com/"," (514) 612-7821 ","No Value","https://www.google.com/maps/place/North+Interior+Design+Montreal/data=!4m7!3m6!1s0x4cc91b0dbcbc92bf:0xccb48c73a8b5af21!8m2!3d45.5591827!4d-73.7118733!16s%2Fg%2F11g0_rflbx!19sChIJv5K8vA0byUwRIa-1qHOMtMw?authuser=0&hl=en&rclk=1",montreal@northinteriordesign.com
"ChIJ4XjJx9IZyUwR-xIpIKiq74g","Annie Lacaille Designer","http://annielacailledesigner.com/"," (514) 914-3898 ","Address: 6100 Chemin Deacon : 3F, Montréal, QC H3S 2V6 ","https://www.google.com/maps/place/Annie+Lacaille+Designer/data=!4m7!3m6!1s0x4cc919d2c7c978e1:0x88efaaa8202912fb!8m2!3d45.5119074!4d-73.6197618!16s%2Fg%2F1tq8j4x9!19sChIJ4XjJx9IZyUwR-xIpIKiq74g?authuser=0&hl=en&rclk=1",a.lacailledesigner@hotmail.com
"ChIJgcZv1FsayUwRYSCXMYZdBe0","For.","http://www.fordesignplanning.com/"," (514) 871-8833 ","Address: 9320 St Laurent Blvd #819, Montreal, Quebec H2N 1N7 ","https://www.google.com/maps/place/For./data=!4m7!3m6!1s0x4cc91a5bd46fc681:0xed055d8631972061!8m2!3d45.5445043!4d-73.6518737!16s%2Fg%2F1wn338qg!19sChIJgcZv1FsayUwRYSCXMYZdBe0?authuser=0&hl=en&rclk=1",design@fordesignplanning.com
"ChIJn-GUc9MbyUwRP-zImvfquKA","Prete Design","http://www.prete-design.com/"," (514) 576-7030 ","Address: 4530 St Laurent Blvd, Montreal, Quebec H2T 1R3 ","https://www.google.com/maps/place/Prete+Design/data=!4m7!3m6!1s0x4cc91bd37394e19f:0xa0b8eaf79ac8ec3f!8m2!3d45.5203375!4d-73.5873908!16s%2Fg%2F1tfvys2w!19sChIJn-GUc9MbyUwRP-zImvfquKA?authuser=0&hl=en&rclk=1",undefined
"ChIJ-e_rDUUnyUwRHAufDIXThl8","Sandra Best Décor","http://www.sandrabestdecor.com/"," (514) 570-3464 ","Address: 10537 Rue Berri, Montréal, QC H3L 2H2 ","https://www.google.com/maps/place/Sandra+Best+D%C3%A9cor/data=!4m7!3m6!1s0x4cc927450debeff9:0x5f86d3850c9f0b1c!8m2!3d45.553941!4d-73.6661014!16s%2Fg%2F11c3tz31sl!19sChIJ-e_rDUUnyUwRHAufDIXThl8?authuser=0&hl=en&rclk=1",undefined
"ChIJwVAS1iQXyUwR11Lq3frJzsI","Ingrid Interiors Design Studio","https://www.ingridinteriordesign.com/"," (514) 924-5553 ","Address: 2423 Av. de Mayfair, Montréal, QC H4B 2C7 ","https://www.google.com/maps/place/Ingrid+Interiors+Design+Studio/data=!4m7!3m6!1s0x4cc91724d61250c1:0xc2cec9faddea52d7!8m2!3d45.4590682!4d-73.6332081!16s%2Fg%2F11rx32b6yf!19sChIJwVAS1iQXyUwR11Lq3frJzsI?authuser=0&hl=en&rclk=1",info@ingridinteriordesign.com
"ChIJO2c4UsgbyUwRY994S-WSJV0","Atmosphere Design","No Value"," (514) 521-2222 ","Address: 3836 Av. du Parc-La Fontaine, Montréal, QC H2L 3M6 ","https://www.google.com/maps/place/Atmosphere+Design/data=!4m7!3m6!1s0x4cc91bc85238673b:0x5d2592e54b78df63!8m2!3d45.5230921!4d-73.5698202!16s%2Fg%2F1tk6vjln!19sChIJO2c4UsgbyUwRY994S-WSJV0?authuser=0&hl=en&rclk=1",undefined
"ChIJv0CYTkAayUwR1cyGlqUBs_A","Igloo Design","http://www.igloodesign.ca/"," (514) 933-4456 ","Address: 150 Rue Saint-Norbert suite 617, Montreal, Quebec H2X 1G6 ","https://www.google.com/maps/place/Igloo+Design/data=!4m7!3m6!1s0x4cc91a404e9840bf:0xf0b301a59686ccd5!8m2!3d45.513578!4d-73.56751!16s%2Fg%2F1tdyvzxn!19sChIJv0CYTkAayUwR1cyGlqUBs_A?authuser=0&hl=en&rclk=1",undefined
"ChIJecPHn6wQyUwRvcaPJt31d_Q","Pris Interior Design Studio","http://www.priscillacho.com/"," (514) 601-1888 ","Address: 4195 Northcliffe Ave, Montreal, Quebec H4A 3L2 ","https://www.google.com/maps/place/Pris+Interior+Design+Studio/data=!4m7!3m6!1s0x4cc910ac9fc7c379:0xf477f5dd268fc6bd!8m2!3d45.4792366!4d-73.6176855!16s%2Fg%2F11t5_9vjst!19sChIJecPHn6wQyUwRvcaPJt31d_Q?authuser=0&hl=en&rclk=1",pcdesign@priscillacho.com, pcdesign@hotmail.com
"ChIJm4z3KuoYyUwRkSi_D-E5D50","Lt intérieurs","http://www.ltinterieurs.com/"," (514) 375-1783 ","Address: 3550 Chem. de la Côte-des-Neiges Suite 450, Montréal, QC H3H 1V4 ","https://www.google.com/maps/place/Lt+int%C3%A9rieurs/data=!4m7!3m6!1s0x4cc918ea2af78c9b:0x9d0f39e10fbf2891!8m2!3d45.4960039!4d-73.5861255!16s%2Fg%2F11f_c1kdjs!19sChIJm4z3KuoYyUwRkSi_D-E5D50?authuser=0&hl=en&rclk=1",undefined
"ChIJJfTna3ERyUwRyGqGPTt1RyU","Anonymus Concepts","No Value"," (514) 827-2866 ","Address: 1201 Sherbrooke St W, Montreal, Quebec H3A 1H9 ","https://www.google.com/maps/place/Anonymus+Concepts/data=!4m7!3m6!1s0x4cc911716be7f425:0x2547753b3d866ac8!8m2!3d45.5007322!4d-73.5780542!16s%2Fg%2F1tgvd7jc!19sChIJJfTna3ERyUwRyGqGPTt1RyU?authuser=0&hl=en&rclk=1",undefined
"ChIJlX4mJjI9yUwRo1LdVBpPBbE","Valerie Buchanan Interiors","https://www.valeriebuchananinteriors.com/"," (514) 963-2131 ","No Value","https://www.google.com/maps/place/Valerie+Buchanan+Interiors/data=!4m7!3m6!1s0x4cc93d3226267e95:0xb1054f1a54dd52a3!8m2!3d45.5591827!4d-73.7118733!16s%2Fg%2F11h3_zjfmd!19sChIJlX4mJjI9yUwRo1LdVBpPBbE?authuser=0&hl=en&rclk=1",hello@valeriebuchananinteriors.com
"ChIJdWg1c00ayUwRxFouLxT5azc","Camdi Design","https://camdi.ca/"," (514) 845-3000 ","Address: 278 St Catherine St E, Montreal, Quebec H2X 1L4 ","https://www.google.com/maps/place/Camdi+Design/data=!4m7!3m6!1s0x4cc91a4d73356875:0x376bf9142f2e5ac4!8m2!3d45.5124855!4d-73.5613882!16s%2Fg%2F1tscnmbl!19sChIJdWg1c00ayUwRxFouLxT5azc?authuser=0&hl=en&rclk=1",info@camdi.ca
"ChIJxydnUp8ZyUwRfI5KV-c55pY","ESKO Design","http://www.eskodesign.ca/"," (514) 587-9742 ","Address: 6600 Rue Saint-Urbain #513, Montreal, Quebec H2S 3G6 ","https://www.google.com/maps/place/ESKO+Design/data=!4m7!3m6!1s0x4cc9199f526727c7:0x96e639e7574a8e7c!8m2!3d45.5299332!4d-73.61205!16s%2Fg%2F11scj04zx5!19sChIJxydnUp8ZyUwRfI5KV-c55pY?authuser=0&hl=en&rclk=1",undefined
"ChIJFbkSdUUbyUwRjHr3IGhTRTE","Interior Design Montreal | Architectural Rendering | HCB Visuals","https://www.hcbvisuals.com/"," (514) 885-5808 ","Address: 4150 Saint-Catherine St, Westmount, Quebec H3Z 2Y5 ","https://www.google.com/maps/place/Interior+Design+Montreal+%7C+Architectural+Rendering+%7C+HCB+Visuals/data=!4m7!3m6!1s0x4cc91b457512b915:0x3145536820f77a8c!8m2!3d45.486543!4d-73.587123!16s%2Fg%2F11g0hp665s!19sChIJFbkSdUUbyUwRjHr3IGhTRTE?authuser=0&hl=en&rclk=1",info@hcbvisuals.com
"ChIJ66YSR38ZyUwRxBo7Lj5kHsU","Interior designer","http://www.designerinterieur.com/"," (514) 575-4567 ","Address: 5335 Park Ave, Montreal, Quebec H2V 4G9 ","https://www.google.com/maps/place/Interior+designer/data=!4m7!3m6!1s0x4cc9197f4712a6eb:0xc51e643e2e3b1ac4!8m2!3d45.5216132!4d-73.6001897!16s%2Fg%2F1ptyr38v9!19sChIJ66YSR38ZyUwRxBo7Lj5kHsU?authuser=0&hl=en&rclk=1",filler@godaddy.com, info@designerinterieur.com
"ChIJI0H_IWAayUwRbSSIKGhodnw","SYD Bespoke Interiors","https://sydinteriors.com/"," (514) 931-3389 ","Address: 4333 Sainte-Catherine O Suite 420, Westmount, QC H3Z 1P9 ","https://www.google.com/maps/place/SYD+Bespoke+Interiors/data=!4m7!3m6!1s0x4cc91a6021ff4123:0x7c7668682888246d!8m2!3d45.4839555!4d-73.5905423!16s%2Fg%2F1tdplpwq!19sChIJI0H_IWAayUwRbSSIKGhodnw?authuser=0&hl=en&rclk=1",info@sydinteriors.com
"ChIJM-9JrIAdyUwRcMkTFr_BfCI","MARIE JOSEE OUIMET DESIGN - aménagement intérieur - résidentiel et commercial","http://www.mariejoseeouimetdesign.com/"," (514) 598-1880 ","Address: 1680 Rue de Ville-Marie, Montréal, QC H1V 3K1 ","https://www.google.com/maps/place/MARIE+JOSEE+OUIMET+DESIGN+-+am%C3%A9nagement+int%C3%A9rieur+-+r%C3%A9sidentiel+et+commercial/data=!4m7!3m6!1s0x4cc91d80ac49ef33:0x227cc1bf1613c970!8m2!3d45.558816!4d-73.532373!16s%2Fg%2F11fmztcsd3!19sChIJM-9JrIAdyUwRcMkTFr_BfCI?authuser=0&hl=en&rclk=1",mjo@mariejoseeouimetdesign.com
"ChIJaeriVnQ9yUwR8q3Zu3RMffw","rebecca mitchell interiors","http://rebeccamitchellinteriors.com/"," (514) 674-0890 ","No Value","https://www.google.com/maps/place/rebecca+mitchell+interiors/data=!4m7!3m6!1s0x4cc93d7456e2ea69:0xfc7d4c74bbd9adf2!8m2!3d45.5394593!4d-73.8480437!16s%2Fg%2F11h___j6vg!19sChIJaeriVnQ9yUwR8q3Zu3RMffw?authuser=0&hl=en&rclk=1",undefined
"ChIJ8bL7x0kfyUwR--oCIMpiPG8","Axel Design","http://www.axeldesign.ca/"," (514) 277-3217 ","Address: 10120 Rue Rancourt, Montréal, QC H2B 2N9 ","https://www.google.com/maps/place/Axel+Design/data=!4m7!3m6!1s0x4cc91f49c7fbb2f1:0x6f3c62ca2002eafb!8m2!3d45.572472!4d-73.6468163!16s%2Fg%2F11c3j8xxqb!19sChIJ8bL7x0kfyUwR--oCIMpiPG8?authuser=0&hl=en&rclk=1",undefined
"ChIJPXbA49IbyUwR-rOo-u6q5dQ","Trafic Design Inc","http://www.traficdesign.com/"," (514) 350-9005 ","Address: 7275 Rue Saint-Urbain, Montréal, QC H2R 2Y5 ","https://www.google.com/maps/place/Trafic+Design+Inc/data=!4m7!3m6!1s0x4cc91bd2e3c0763d:0xd4e5aaeefaa8b3fa!8m2!3d45.5342616!4d-73.6204526!16s%2Fg%2F1thpwg4s!19sChIJPXbA49IbyUwR-rOo-u6q5dQ?authuser=0&hl=en&rclk=1",info@traficdesign.com
"ChIJLcMABUwayUwRWWNp9MQMVTM","Paule Bourbonnais animatrice-designer","http://www.paulebourbonnais.com/"," (514) 379-3350 ","Address: 9615 Av. Papineau, Montréal, QC H2B 1Z6 ","https://www.google.com/maps/place/Paule+Bourbonnais+animatrice-designer/data=!4m7!3m6!1s0x4cc91a4c0500c32d:0x33550cc4f4696359!8m2!3d45.5652861!4d-73.6455719!16s%2Fg%2F11b5wpkl5z!19sChIJLcMABUwayUwRWWNp9MQMVTM?authuser=0&hl=en&rclk=1",undefined
"ChIJq4TlrFEbxUUR7MzuNbMjkfc","AB Design MTL Inc.","No Value"," (514) 793-3462 ","No Value","https://www.google.com/maps/place/AB+Design+MTL+Inc./data=!4m7!3m6!1s0x45c51b51ace584ab:0xf79123b335eeccec!8m2!3d45.5591827!4d-73.7118733!16s%2Fg%2F11tj6tznz3!19sChIJq4TlrFEbxUUR7MzuNbMjkfc?authuser=0&hl=en&rclk=1",undefined
"ChIJD7Vp5FoayUwRPDGs3WVv0Fo","de Man design & mobilier","No Value"," (514) 846-1759 ","Address: 1030 St Alexander St, Montreal, Quebec H2Z 1P3 ","https://www.google.com/maps/place/de+Man+design+%26+mobilier/data=!4m7!3m6!1s0x4cc91a5ae469b50f:0x5ad06f65ddac313c!8m2!3d45.5030732!4d-73.5631862!16s%2Fg%2F11b60s6vtx!19sChIJD7Vp5FoayUwRPDGs3WVv0Fo?authuser=0&hl=en&rclk=1",undefined
"ChIJybOItksXyUwRrPfh8Y2fFbU","Interior Design Montreal","http://interior-design-montreal.com/"," (514) 600-2956 ","No Value","https://www.google.com/maps/place/Interior+Design+Montreal/data=!4m7!3m6!1s0x4cc9174bb688b3c9:0xb5159f8df1e1f7ac!8m2!3d45.5026915!4d-73.8030665!16s%2Fg%2F11h7cnkhxc!19sChIJybOItksXyUwRrPfh8Y2fFbU?authuser=0&hl=en&rclk=1",support@ucanews.com
"ChIJwzZhjhIayUwRxmCgZMzCpKE","Shadow Design","http://www.shadow-design.ca/"," (514) 933-9386 ","Address: 4060 Saint-Catherine St W #520, Westmount, Quebec H3Z 2Z3 ","https://www.google.com/maps/place/Shadow+Design/data=!4m7!3m6!1s0x4cc91a128e6136c3:0xa1a4c2cc64a060c6!8m2!3d45.4876231!4d-73.5861637!16s%2Fg%2F1vbl761w!19sChIJwzZhjhIayUwRxmCgZMzCpKE?authuser=0&hl=en&rclk=1",undefined
"ChIJAQBAgoUQyUwR0S7wLtLQU4k","ESPACE DESIGN","http://espacedesign.ca/"," (514) 946-5462 ","Address: 3800 Saint-Patrick St. #300, Montreal, Quebec H4E 1A4 ","https://www.google.com/maps/place/ESPACE+DESIGN/data=!4m7!3m6!1s0x4cc9108582400001:0x8953d0d22ef02ed1!8m2!3d45.4695293!4d-73.5817084!16s%2Fg%2F11g1gq3fwg!19sChIJAQBAgoUQyUwR0S7wLtLQU4k?authuser=0&hl=en&rclk=1",sylvie@espacedesign.ca
"ChIJ9xWCA3IZyUwRf9L7BGxqmnI","Maison Abercorn","http://maisonabercorn.com/"," (514) 290-8484 ","Address: Montreal, Quebec H3B 1X8 ","https://www.google.com/maps/place/Maison+Abercorn/data=!4m7!3m6!1s0x4cc91972038215f7:0x729a6a6c04fbd27f!8m2!3d45.5016889!4d-73.567256!16s%2Fg%2F1hc2hdc8f!19sChIJ9xWCA3IZyUwRf9L7BGxqmnI?authuser=0&hl=en&rclk=1",undefined
"ChIJWxJQNloXyUwRlcv63A4s94g","Creations Nadia Interior Design","http://www.creationsnadia.com/"," (514) 969-7767 ","No Value","https://www.google.com/maps/place/Creations+Nadia+Interior+Design/data=!4m7!3m6!1s0x4cc9175a3650125b:0x88f72c0edcfacb95!8m2!3d35.7064098!4d-75.5346074!16s%2Fg%2F1hhk606cr!19sChIJWxJQNloXyUwRlcv63A4s94g?authuser=0&hl=en&rclk=1",info@creationsnadia.com
"ChIJz1RghnQZyUwRj0GZ135bE7Y","Idx Design Communication","http://idxdesign.com/"," (514) 282-1090 ","Address: 9320 Boul. Saint-Laurent Suite 201, Montréal, QC H2N 1N7 ","https://www.google.com/maps/place/Idx+Design+Communication/data=!4m7!3m6!1s0x4cc91974866054cf:0xb6135b7ed799418f!8m2!3d45.544427!4d-73.6518693!16s%2Fg%2F1tj7dnzc!19sChIJz1RghnQZyUwRj0GZ135bE7Y?authuser=0&hl=en&rclk=1",emmanuel@idxdesign.com
"ChIJtbk4ET8YyUwRBlIjYnpS7gk","Interior Design 6842259 Canada","No Value"," (514) 750-3132 ","Address: 660 Decarie Blvd, Montreal, Quebec H4L 3L5 ","https://www.google.com/maps/place/Interior+Design+6842259+Canada/data=!4m7!3m6!1s0x4cc9183f1138b9b5:0x9ee527a62235206!8m2!3d45.5099608!4d-73.6761385!16s%2Fg%2F11b5wjhs59!19sChIJtbk4ET8YyUwRBlIjYnpS7gk?authuser=0&hl=en&rclk=1",undefined
"ChIJuSXvZvX4bQwRj8mhC8HvHDA","HS Design","http://byhsdesign.com/"," (514) 922-0909 ","No Value","https://www.google.com/maps/place/HS+Design/data=!4m7!3m6!1s0xc6df8f566ef25b9:0x301cefc10ba1c98f!8m2!3d45.5591827!4d-73.7118733!16s%2Fg%2F11rpdcng2w!19sChIJuSXvZvX4bQwRj8mhC8HvHDA?authuser=0&hl=en&rclk=1",undefined
"ChIJscyBBlsayUwRZKIx3Kw1Aq0","Metaphore Design","http://metaphoredesign.ca/fr/accueil/"," (514) 868-2122 ","Address: 1751 Rue Richardson suite 7.101, Montréal, QC H3K 1G6 ","https://www.google.com/maps/place/Metaphore+Design/data=!4m7!3m6!1s0x4cc91a5b0681ccb1:0xad0235acdc31a264!8m2!3d45.484051!4d-73.562141!16s%2Fg%2F1tjdqyx0!19sChIJscyBBlsayUwRZKIx3Kw1Aq0?authuser=0&hl=en&rclk=1",info@metaphoredesign.ca
"ChIJG2qcRm4RyUwRZ-vHt37GTPE","Cindy B Decor","https://www.cindybdecor.com/"," (514) 360-2149 ","Address: 4525 Av. de Melrose, Montréal, QC H4A 2S8 ","https://www.google.com/maps/place/Cindy+B+Decor/data=!4m7!3m6!1s0x4cc9116e469c6a1b:0xf14cc67eb7c7eb67!8m2!3d45.4751455!4d-73.6285799!16s%2Fg%2F11h2pw2f2t!19sChIJG2qcRm4RyUwRZ-vHt37GTPE?authuser=0&hl=en&rclk=1",info@cindybdecor.com
"ChIJH3SFXwVeWEYR91gkfSWJkXU","Natasha K Design","http://www.natashakdesign.ca/"," (514) 831-7172 ","No Value","https://www.google.com/maps/place/Natasha+K+Design/data=!4m7!3m6!1s0x46585e055f85741f:0x759189257d2458f7!8m2!3d45.5591827!4d-73.7118733!16s%2Fg%2F11spwj6f5p!19sChIJH3SFXwVeWEYR91gkfSWJkXU?authuser=0&hl=en&rclk=1",info@natashakdesign.com
"ChIJZ71Lfk8ayUwR_MzLYEmaVZw","A Massarelli Designer","https://www.massarellidesign.com/"," (514) 397-0006 ","Address: 555 René-Lévesque Blvd W #1230, Montreal, Quebec H2Z 1B1 ","https://www.google.com/maps/place/A+Massarelli+Designer/data=!4m7!3m6!1s0x4cc91a4f7e4bbd67:0x9c559a4960cbccfc!8m2!3d45.5034115!4d-73.566497!16s%2Fg%2F1tf022jp!19sChIJZ71Lfk8ayUwR_MzLYEmaVZw?authuser=0&hl=en&rclk=1",info@massarellidesign.com
"ChIJp_OlXDoWyUwRzht4587lYxU","California Closets - Montreal and Ottawa","https://www.locations.californiaclosets.ca/qc/montreal/montreal-showroom?utm_source=GMB&utm_medium=local&utm_campaign=GMB"," (514) 636-6336 ","Address: 8160 Royalmount Ave., Montreal, Quebec H4P 2P7 ","https://www.google.com/maps/place/California+Closets+-+Montreal+and+Ottawa/data=!4m7!3m6!1s0x4cc9163a5ca5f3a7:0x1563e5cee7781bce!8m2!3d45.4983473!4d-73.6608212!16s%2Fg%2F1tf5_xg5!19sChIJp_OlXDoWyUwRzht4587lYxU?authuser=0&hl=en&rclk=1",solutions@calclosets.com
"ChIJIWW7Usu1LWURr-75sG2PH34","Julian Mensah Interiors","https://www.julianmensahinteriors.com/"," (514) 914-7924 ","No Value","https://www.google.com/maps/place/Julian+Mensah+Interiors/data=!4m7!3m6!1s0x652db5cb52bb6521:0x7e1f8f6db0f9eeaf!8m2!3d44.6424011!4d-76.5577113!16s%2Fg%2F11tjn4df3g!19sChIJIWW7Usu1LWURr-75sG2PH34?authuser=0&hl=en&rclk=1",hello@julianmensahinteriors.com
"ChIJ3UxmSP4ZyUwRIEg0XSVN3ZM","Nancy Couture Designer d'intérieur","https://www.arte-cuisine.com/"," (438) 823-4830 ","Address: 8815 Park Ave Suite 401, Montreal, Quebec H2N 1Y7 ","https://www.google.com/maps/place/Nancy+Couture+Designer+d%27int%C3%A9rieur/data=!4m7!3m6!1s0x4cc919fe48664cdd:0x93dd4d255d344820!8m2!3d45.5363383!4d-73.647425!16s%2Fg%2F11jk6nbxtx!19sChIJ3UxmSP4ZyUwRIEg0XSVN3ZM?authuser=0&hl=en&rclk=1",info@arte-cuisine.com
"ChIJ84XUIHMZyUwRXMnRmU_utv0","Atelier Moderno","https://www.moderno.ca/"," (514) 903-7886 ","Address: 6830 Park Ave #450, Montreal, Quebec H3N 1W7 ","https://www.google.com/maps/place/Atelier+Moderno/data=!4m7!3m6!1s0x4cc9197320d485f3:0xfdb6ee4f99d1c95c!8m2!3d45.5287479!4d-73.6176133!16s%2Fg%2F1tj3kpv3!19sChIJ84XUIHMZyUwRXMnRmU_utv0?authuser=0&hl=en&rclk=1",undefined
"ChIJ35XAiXwZyUwRgZxZ2DEFgzg","Bipede","http://www.bipede.ca/"," (514) 273-0500 ","Address: 160 R. St Viateur Est #804, Montréal, QC H2T 1A8 ","https://www.google.com/maps/place/Bipede/data=!4m7!3m6!1s0x4cc9197c89c095df:0x38830531d8599c81!8m2!3d45.5270565!4d-73.5969163!16s%2Fg%2F11bcdhz1r1!19sChIJ35XAiXwZyUwRgZxZ2DEFgzg?authuser=0&hl=en&rclk=1",info@bipede.ca, emploi@bipede.ca
"ChIJo5lU4CgXyUwRqG7vxxdt2n8","Imagine_ Design d'intérieur Montréal","http://www.agimagine.com/"," (514) 632-3282 ","Address: 240 Chemin Bates, Mont-Royal, QC H3S 1A3 ","https://www.google.com/maps/place/Imagine_+Design+d%27int%C3%A9rieur+Montr%C3%A9al/data=!4m7!3m6!1s0x4cc91728e05499a3:0x7fda6d17c7ef6ea8!8m2!3d45.452968!4d-73.645232!16s%2Fg%2F11cn2mp2sb!19sChIJo5lU4CgXyUwRqG7vxxdt2n8?authuser=0&hl=en&rclk=1",info@agimagine.com
"ChIJe8esErQYyUwRBR83ae0tiao","Aux Beaux intérieurs","http://auxbeauxinterieurs.com/"," (514) 385-5699 ","Address: 1575 Rue Fleury E, Montreal, Quebec H2C 1S7 ","https://www.google.com/maps/place/Aux+Beaux+int%C3%A9rieurs/data=!4m7!3m6!1s0x4cc918b412acc77b:0xaa892ded69371f05!8m2!3d45.5635755!4d-73.6562131!16s%2Fg%2F11cn5nms92!19sChIJe8esErQYyUwRBR83ae0tiao?authuser=0&hl=en&rclk=1",auxbeauxinterieurs@videotron.ca
"ChIJP-eJDI0ZyUwR8pt22gMj_14","Les Productions Araok inc. - Nicolas Mérel, Design d’intérieur","https://www.411habitation.com/design-interieur-decorateur/montreal/parc-extension-2/design-interieur-decorateur-parc-extension.htm"," (514) 815-3139 ","Address: 7002 Av. d'Outremont, Montréal, QC H3N 2L4 ","https://www.google.com/maps/place/Les+Productions+Araok+inc.+-+Nicolas+M%C3%A9rel,+Design+d%E2%80%99int%C3%A9rieur/data=!4m7!3m6!1s0x4cc9198d0c89e73f:0x5eff2303da769bf2!8m2!3d45.5257436!4d-73.623355!16s%2Fg%2F11st7ljhb6!19sChIJP-eJDI0ZyUwR8pt22gMj_14?authuser=0&hl=en&rclk=1",undefined
"ChIJqSHAjBEZyUwRRO7zmxMB5L0","Marguerite Senay","No Value"," (514) 495-3058 ","Address: 65 Rue de Castelnau O, Montréal, QC H2R 2W3 ","https://www.google.com/maps/place/Marguerite+Senay/data=!4m7!3m6!1s0x4cc919118cc021a9:0xbde401139bf3ee44!8m2!3d45.5347984!4d-73.6214694!16s%2Fg%2F1tjyt6z0!19sChIJqSHAjBEZyUwRRO7zmxMB5L0?authuser=0&hl=en&rclk=1",undefined
"ChIJ_____4MayUwRO9K4RdDFETM","Groupe ARC Design","https://groupearcdesign.com/"," (514) 989-8584 ","Address: 1751 Saint-Patrick St., Montreal, Quebec H3K 3G9 ","https://www.google.com/maps/place/Groupe+ARC+Design/data=!4m7!3m6!1s0x4cc91a83ffffffff:0x3311c5d045b8d23b!8m2!3d45.4854428!4d-73.5632667!16s%2Fg%2F1tgh2lm1!19sChIJ_____4MayUwRO9K4RdDFETM?authuser=0&hl=en&rclk=1",undefined
"ChIJac5pTgQZyUwRUmrM5CcoP4k","We/design interior designers","http://www.ikitchen.ca/"," (514) 344-3888 ","Address: 4865 Rue Jean-Talon O Suite 102, Montreal, Quebec H4P 1W7 ","https://www.google.com/maps/place/We%2Fdesign+interior+designers/data=!4m7!3m6!1s0x4cc919044e69ce69:0x893f2827e4cc6a52!8m2!3d45.4985023!4d-73.6489862!16s%2Fg%2F11h929v11w!19sChIJac5pTgQZyUwRUmrM5CcoP4k?authuser=0&hl=en&rclk=1",undefined
"ChIJC_2rtiEZyUwRKwrl0eM53jg","Brodesia Design","No Value"," (514) 916-9947 ","No Value","https://www.google.com/maps/place/Brodesia+Design/data=!4m7!3m6!1s0x4cc91921b6abfd0b:0x38de39e3d1e50a2b!8m2!3d53.796105!4d-68.4424799!16s%2Fg%2F1vvyxpw7!19sChIJC_2rtiEZyUwRKwrl0eM53jg?authuser=0&hl=en&rclk=1",undefined
"ChIJTYHsI1kayUwR2-ZumQhPNw0","Imperatori Design","http://www.imperatoridesign.com/"," (514) 390-0004 ","Address: 407 McGill St #1005, Montreal, Quebec H2Y 2G3 ","https://www.google.com/maps/place/Imperatori+Design/data=!4m7!3m6!1s0x4cc91a5923ec814d:0xd374f08996ee6db!8m2!3d45.5004351!4d-73.557451!16s%2Fg%2F11c3k6dlcz!19sChIJTYHsI1kayUwR2-ZumQhPNw0?authuser=0&hl=en&rclk=1",info@idesign-a.com, jimperatori@idesign-a.com
"ChIJbyKUYpSy9SkR3mdG1amco_w","Designer Sophie P Lefebvre","http://designersophiep-lefebvre.com/","No value","No Value","https://www.google.com/maps/place/Designer+Sophie+P+Lefebvre/data=!4m7!3m6!1s0x29f5b2946294226f:0xfca39ca9d54667de!8m2!3d45.5591827!4d-73.7118733!16s%2Fg%2F11tmgwrb93!19sChIJbyKUYpSy9SkR3mdG1amco_w?authuser=0&hl=en&rclk=1",sophieldesigner@gmail.com
"ChIJd8lLWzAZyUwR5HhDwVJ4_GA","Studio Mid-Mod","No Value"," (438) 923-2175 ","Address: 2283 Rue Everett, Montréal, QC H2E 1R1 ","https://www.google.com/maps/place/Studio+Mid-Mod/data=!4m7!3m6!1s0x4cc919305b4bc977:0x60fc7852c14378e4!8m2!3d45.5527316!4d-73.6063203!16s%2Fg%2F11jky6l18y!19sChIJd8lLWzAZyUwR5HhDwVJ4_GA?authuser=0&hl=en&rclk=1",undefined
"ChIJoSexZ0EayUwRiF_NAST4ZEk","Yves A. Lefebvre Designer inc","https://www.yaldesigner.com/"," (514) 844-0624 ","Address: 4225 Saint Dominique St., Montreal, Quebec H2W 2T5 ","https://www.google.com/maps/place/Yves+A.+Lefebvre+Designer+inc/data=!4m7!3m6!1s0x4cc91a4167b127a1:0x4964f82401cd5f88!8m2!3d45.5187129!4d-73.5814587!16s%2Fg%2F1tf2rvjm!19sChIJoSexZ0EayUwRiF_NAST4ZEk?authuser=0&hl=en&rclk=1",undefined
"ChIJ8az3u10QyUwRjnf83ecU_9o","Jessica Locas Design d'intérieur","https://jessicalocasdesign.com/"," (514) 884-9838 ","Address: 6000 Boul. de Rome Suite 410, Brossard, QC J4Y 0B6 ","https://www.google.com/maps/place/Jessica+Locas+Design+d%27int%C3%A9rieur/data=!4m7!3m6!1s0x4cc9105dbbf7acf1:0xdaff14e7ddfc778e!8m2!3d45.4410523!4d-73.4403226!16s%2Fg%2F11c3288cxp!19sChIJ8az3u10QyUwRjnf83ecU_9o?authuser=0&hl=en&rclk=1",info@locasdesign.com
"ChIJez_-W68byUwR2YB0BZ3V-p0","judee interior","http://judeeinterior.com/","No value","Address: 1880 Bd René-Lévesque East #303, Montréal, QC H2K 4R9 ","https://www.google.com/maps/place/judee+interior/data=!4m7!3m6!1s0x4cc91baf5bfe3f7b:0x9dfad59d057480d9!8m2!3d45.522025!4d-73.5487291!16s%2Fg%2F11my7fdr5k!19sChIJez_-W68byUwR2YB0BZ3V-p0?authuser=0&hl=en&rclk=1",d.nyemeck@judeeinterior.com
"ChIJ65ERzey9qE4R084cq-7DwxU","Atelier Mamuth","https://www.ateliermamuth.com/"," (514) 912-4780 ","No Value","https://www.google.com/maps/place/Atelier+Mamuth/data=!4m7!3m6!1s0x4ea8bdeccd1191eb:0x15c3c3eeab1cced3!8m2!3d45.6060465!4d-73.6649135!16s%2Fg%2F11k4zpx_b0!19sChIJ65ERzey9qE4R084cq-7DwxU?authuser=0&hl=en&rclk=1",info@ateliermamuth.com
"ChIJ0cPNbZ8QyUwRoBTw8PUcvb0","Espace Interne","http://espaceinterne.com/"," (514) 568-5568 ","Address: 1001 Rue Lenoir suite B-347, Montreal, Quebec H4C 2Z6 ","https://www.google.com/maps/place/Espace+Interne/data=!4m7!3m6!1s0x4cc9109f6dcdc3d1:0xbdbd1cf5f0f014a0!8m2!3d45.4772777!4d-73.5926633!16s%2Fg%2F11fj5cf05w!19sChIJ0cPNbZ8QyUwRoBTw8PUcvb0?authuser=0&hl=en&rclk=1",info@espaceinterne.com
"ChIJ0RyNrX0ZyUwRqrZ3-n7tEeg","MULTIPLE Design","http://www.multiple.ws/"," (514) 274-8356 ","Address: 5333 Av. Casgrain #312, Montréal, QC H2T 1X3 ","https://www.google.com/maps/place/MULTIPLE+Design/data=!4m7!3m6!1s0x4cc9197dad8d1cd1:0xe811ed7efa77b6aa!8m2!3d45.5261702!4d-73.5950124!16s%2Fg%2F11ddydpt93!19sChIJ0RyNrX0ZyUwRqrZ3-n7tEeg?authuser=0&hl=en&rclk=1",info@multiple.ws
"ChIJEypQD-EZyUwRHuIxZrM3yOo","H.F Interior Designer","No Value"," (514) 802-7203 ","Address: 5025 Chem. de la Côte-Sainte-Catherine, Montréal, QC H3W 1M5 ","https://www.google.com/maps/place/H.F+Interior+Designer/data=!4m7!3m6!1s0x4cc919e10f502a13:0xeac837b36631e21e!8m2!3d45.4895681!4d-73.6360555!16s%2Fg%2F11bc744s2m!19sChIJEypQD-EZyUwRHuIxZrM3yOo?authuser=0&hl=en&rclk=1",undefined
"ChIJA4_6dGGos6oRfTBdWrfbZfg","Valérie De L'Étoile design d'intérieur | photographie","http://www.valeriedeletoile.com/"," (450) 969-3456 ","No Value","https://www.google.com/maps/place/Val%C3%A9rie+De+L%27%C3%89toile+design+d%27int%C3%A9rieur+%7C+photographie/data=!4m7!3m6!1s0xaab3a86174fa8f03:0xf865dbb75a5d307d!8m2!3d62.6573279!4d-95.989235!16s%2Fg%2F11tmp_7wj4!19sChIJA4_6dGGos6oRfTBdWrfbZfg?authuser=0&hl=en&rclk=1",info@valeriedeletoile.com
